rho,pout
0.0,2.7807419655800913e-07
0.1,2.7807362812382053e-07
0.2,2.78058735148079e-07
0.3,2.779156034193875e-07
0.4,2.773162179892097e-07
0.5,2.755189711933781e-07
0.6,2.7030219484913687e-07
0.7,2.5914692969308817e-07
0.8,2.7175616423846805e-07
0.9,6.383118034136714e-07
0.92,1.0302259170202888e-06
0.94,2.1362830011639744e-06
0.96,7.049018677207641e-06
0.98,7.309486682061106e-05
