rho,pout
0.0,0.0006807931349612772
0.1,0.0006807913887314498
0.2,0.000680744182318449
0.3,0.0006802852731198072
0.4,0.0006783005082979798
0.5,0.0006721256650052965
0.6,0.000654204748570919
0.7,0.0006159953190945089
0.8,0.0006320581305772066
0.9,0.0014684668276458979
0.92,0.0023680829908698797
0.94,0.004907789174467325
0.96,0.016189055517315865
0.98,
