rho,pout
0.0,1.8155478898052024e-08
0.1,1.8155427383703682e-08
0.2,1.8154242553691802e-08
0.3,1.8142706892376737e-08
0.4,1.809314831291431e-08
0.5,1.794001924793065e-08
0.6,1.7495246140697418e-08
0.7,1.654481351920367e-08
0.8,1.7060342472063894e-08
0.9,3.970813722276034e-08
0.92,6.403406160870873e-08
0.94,1.326985170635453e-07
0.96,4.376653350846027e-07
0.98,4.537000222626375e-06
